age,out_scaled
20,0.21083740723692554
30,0.4094097636985603
40,0.17337632020860166
50,0.06406944869635027
60,0.009381307268371832
