{"0": {"age": 20, "com_scaled": 0.2726978474677052}, "1": {"age": 30, "com_scaled": 0.313131424692369}, "2": {"age": 40, "com_scaled": 0.2199151630627123}, "3": {"age": 50, "com_scaled": 0.18560521851304612}, "4": {"age": 60, "com_scaled": 0.1653963884417029}}