{"0": {"age": 20, "out_scaled": 0.21083740723692554}, "1": {"age": 30, "out_scaled": 0.4094097636985603}, "2": {"age": 40, "out_scaled": 0.17337632020860166}, "3": {"age": 50, "out_scaled": 0.06406944869635027}, "4": {"age": 60, "out_scaled": 0.009381307268371832}}